"SIIIR","Denumire","Categorie","SIRUTA","Localitate","Judet"
"0161102892","LICEUL ""HOREA, CLOSCA SI CRISAN"" ABRUD","Liceu",1160,"ABRUD","AB"
"0161103328","COLEGIUL NATIONAL ""BETHLEN GABOR"" AIUD","Colegiu",1222,"AIUD","AB"
"0161102856","COLEGIUL NATIONAL ""TITU MAIORESCU"" AIUD","Colegiu",1222,"AIUD","AB"
"0161103337","LICEUL TEHNOLOGIC AIUD","Liceu",1222,"AIUD","AB"
"0161103278","COLEGIUL ECONOMIC ""DIONISIE POP MARTIAN"" ALBA IULIA","Colegiu",1026,"ALBA IULIA","AB"
"0161102372","COLEGIUL TEHNIC ""APULUM"" ALBA IULIA","Colegiu",1026,"ALBA IULIA","AB"
"0161100022","LICEUL TEHNOLOGIC ""ALEXANDRU DOMSA"" ALBA IULIA","Liceu tehnologic / Școală profesională",1026,"ALBA IULIA","AB"
"0161103495","LICEUL TEHNOLOGIC ""DORIN PAVEL"" ALBA IULIA","Liceu",1026,"ALBA IULIA","AB"
"0161103373","SCOALA POSTLICEALA SANITARA ALBA IULIA","Școală postliceală",1026,"ALBA IULIA","AB"
"0161103206","LICEUL TEHNOLOGIC ""TARA MOTILOR"" ALBAC","Liceu tehnologic / Școală profesională",2149,"ALBAC","AB"
"0161103215","LICEUL TEHNOLOGIC DE TURISM SI ALIMENTATIE ARIESENI","Liceu",2390,"ARIEŞENI","AB"
"0161100085","LICEUL ""DR. LAZAR CHIRILA"" BAIA DE ARIES","Liceu tehnologic / Școală profesională",2924,"BAIA DE ARIEŞ","AB"
"0161102761","LICEUL TEHNOLOGIC ""STEFAN MANCIULEA"" BLAJ","Liceu tehnologic / Școală profesională",1357,"BLAJ","AB"
"0161102458","LICEUL TEHNOLOGIC ""TIMOTEI CIPARIU"" BLAJ","Liceu",1357,"BLAJ","AB"
"0161100094","COLEGIUL NAȚIONAL ""AVRAM IANCU"" CÂMPENI","Colegiu",1464,"CÂMPENI","AB"
"0161103016","LICEUL TEHNOLOGIC SILVIC CIMPENI","Liceu tehnologic / Școală profesională",1464,"CÂMPENI","AB"
"0161103364","LICEUL TEHNOLOGIC AGRICOL ""ALEXANDRU BORZA"" CIUMBRUD","Liceu",1277,"CIUMBRUD","AB"
"0161103355","COLEGIUL TEHNIC ""ION D. LAZARESCU"" CUGIR","Colegiu",1703,"CUGIR","AB"
"0161102951","LICEUL TEORETIC ""DAVID PRODAN"" CUGIR","Liceu",1703,"CUGIR","AB"
"0161102232","LICEUL TEHNOLOGIC JIDVEI","Liceu",5112,"JIDVEI","AB"
"0161100049","LICEUL TEHNOLOGIC OCNA MURES","Liceu tehnologic / Școală profesională",1801,"OCNA MUREŞ","AB"
"0161103165","LICEUL TEHNOLOGIC SEBES","Liceu tehnologic / Școală profesională",1883,"SEBEŞ","AB"
"0161102797","LICEUL ""CORNELIU MEDREA"" ZLATNA","Liceu",1945,"ZLATNA","AB"
"0361100245","COLEGIUL TEHNIC CÂMPULUNG","Colegiu",13506,"CÂMPULUNG","AG"
"0361104647","LICEUL TEHNOLOGIC AUTO CÂMPULUNG","Liceu",13506,"CÂMPULUNG","AG"
"0361103637","LICEUL TEHNOLOGIC COSTEȘTI","Școală profesională / Învățământ dual",13677,"COSTEŞTI","AG"
"0361103809","LICEUL TEORETIC COSTEȘTI","Liceu",13677,"COSTEŞTI","AG"
"0361104014","LICEUL TEHNOLOGIC AUTO CURTEA DE ARGEȘ","Școală postliceală",13631,"CURTEA DE ARGEŞ","AG"
"0361103506","LICEUL TEHNOLOGIC ""CONSTANTIN DOBRESCU"" CURTEA DE ARGEȘ","Liceu tehnologic / Școală profesională",13631,"CURTEA DE ARGEŞ","AG"
"0361104787","LICEUL TEHNOLOGIC ""FERDINAND I"" CURTEA DE ARGEȘ","Liceu tehnologic / Școală profesională",13631,"CURTEA DE ARGEŞ","AG"
"0361103325","LICEUL TEHNOLOGIC REGELE MIHAI I CURTEA DE ARGEȘ","Școală postliceală",13631,"CURTEA DE ARGEŞ","AG"
"0361103976","LICEUL TEHNOLOGIC ""PETRE IONESCU MUSCEL"" DOMNEȘTI","Liceu",16463,"DOMNEŞTI","AG"
"0361103872","LICEUL TEHNOLOGIC NR. 1 MĂRĂCINENI","Liceu tehnologic / Școală profesională",13374,"MĂRĂCINENI","AG"
"0361104828","LICEUL TEHNOLOGIC CONSTRUCȚII DE MAȘINI MIOVENI","Liceu tehnologic / Școală profesională",13310,"MIOVENI","AG"
"0361105119","LICEUL TEHNOLOGIC ""LIVIU REBREANU"" MOZĂCENI","Liceu tehnologic / Școală profesională",17584,"MOZĂCENI","AG"
"0361100195","COLEGIUL ECONOMIC ""MARIA TEIULEANU"" PITEȘTI","Colegiu",13178,"PITEŞTI","AG"
"0361103307","COLEGIUL TEHNIC ""ARMAND CĂLINESCU"" PITEȘTI","Școală postliceală",13178,"PITEŞTI","AG"
"0361104005","COLEGIUL TEHNIC ""COSTIN D. NENIȚESCU"" PITEȘTI","Școală postliceală",13178,"PITEŞTI","AG"
"0361104172","LICEUL TEHNOLOGIC ""ASTRA"" PITEȘTI","Liceu tehnologic / Școală profesională",13178,"PITEŞTI","AG"
"0361104769","LICEUL TEHNOLOGIC ""CONSTANTIN BRÂNCUȘI"" PITEȘTI","Școală postliceală",13178,"PITEŞTI","AG"
"0361104715","LICEUL TEHNOLOGIC ""DACIA"" PITEȘTI","Școală postliceală",13178,"PITEŞTI","AG"
"0361103456","LICEUL TEHNOLOGIC ""DIMITRIE DIMA"" PITEȘTI","Școală postliceală",13178,"PITEŞTI","AG"
"0361100064","LICEUL TEORETIC ""ION CANTACUZINO"" PITEȘTI","Liceu",13178,"PITEŞTI","AG"
"0361105087","LICEUL TEHNOLOGIC ""VICTOR SLĂVESCU"" RUCĂR","Liceu tehnologic / Școală profesională",18536,"RUCĂR","AG"
"0361103596","LICEUL TEHNOLOGIC ""I.C. PETRESCU"" STÎLPENI","Liceu tehnologic / Școală profesională",18787,"STÂLPENI","AG"
"0361105096","CENTRUL ȘCOLAR DE EDUCAȚIE INCLUZIVĂ ""SFÂNTA FILOFTEIA"" ȘTEFĂNEȘTI","Centru de Educație Incluzivă",13409,"ŞTEFĂNEŞTI","AG"
"0361105006","LICEUL TEHNOLOGIC ""DINU BRĂTIANU"" ȘTEFĂNEȘTI","Liceu tehnologic / Școală profesională",13409,"ŞTEFĂNEŞTI","AG"
"0361104127","LICEUL TEORETIC ""ION MIHALACHE"" TOPOLOVENI","Liceu",13766,"TOPOLOVENI","AG"
"0361104371","LICEUL TEHNOLOGIC VEDEA","Liceu tehnologic / Școală profesională",19800,"VEDEA","AG"
"0261101157","COLEGIUL ECONOMIC ARAD","Colegiu",9271,"ARAD","AR"
"0261104549","COLEGIUL""CSIKY GERGELY"" ARAD","Colegiu",9271,"ARAD","AR"
"0261100916","LICEUL SPECIAL ""SFÂNTA MARIA"" ARAD","Liceu",9271,"ARAD","AR"
"0261100613","LICEUL TEHNOLOGIC ""AUREL VLAICU"" ARAD",NA,9271,"ARAD","AR"
"0261100269","LICEUL TEHNOLOGIC DE CONSTRUCŢII ŞI PROTECŢIA MEDIULUI ARAD","Școală postliceală",9271,"ARAD","AR"
"0261100432","LICEUL TEHNOLOGIC DE ELECTRONICĂ ŞI AUTOMATIZĂRI ""CAIUS IACOB"" ARAD","Liceu tehnologic / Școală profesională",9271,"ARAD","AR"
"0261101279","LICEUL TEHNOLOGIC DE INDUSTRIE ALIMENTARĂ ARAD","Liceu",9271,"ARAD","AR"
"0261100287","LICEUL TEHNOLOGIC DE TRANSPORTURI AUTO ""HENRI COANDĂ"" ARAD","Liceu tehnologic / Școală profesională",9271,"ARAD","AR"
"0261104513","LICEUL TEHNOLOGIC ""FRANCISC NEUMAN"" ARAD","Liceu",9271,"ARAD","AR"
"0261104576","LICEUL TEHNOLOGIC ""IULIU MOLDOVAN"" ARAD","Liceu tehnologic / Școală profesională",9271,"ARAD","AR"
"0261101044","ŞCOALA POSTLICEALĂ SANITARĂ ARAD",NA,9271,"ARAD","AR"
"0261100052","LICEUL TEHNOLOGIC BELIU","Liceu tehnologic / Școală profesională",9949,"BELIU","AR"
"0261104359","LICEUL TEHNOLOGIC CHIŞINEU CRIŞ","Liceu tehnologic / Școală profesională",9468,"CHIŞINEU-CRIŞ","AR"
"0261100183","LICEUL TEHNOLOGIC ""ION CREANGĂ"" CURTICI","Liceu tehnologic / Școală profesională",9501,"CURTICI","AR"
"0261104377","LICEUL ""IOAN BUTEANU"" GURAHONŢ","Liceu",10952,"GURAHONŢ","AR"
"0261104472","LICEUL TEHNOLOGIC ""MOGA VOIEVOD"" HĂLMAGIU","Liceu tehnologic / Școală profesională",11067,"HĂLMAGIU","AR"
"0261100111","COLEGIUL ""MIHAI VITEAZUL"" INEU","Liceu",9547,"INEU","AR"
"0261100129","LICEUL TEHNOLOGIC ""SAVA BRANCOVICI"" INEU","Liceu tehnologic / Școală profesională",9547,"INEU","AR"
"0261100509","LICEUL ""ATANASIE MARIENESCU"" LIPOVA","Liceu",9583,"LIPOVA","AR"
"0261100771","LICEUL ""SEVER BOCU"" LIPOVA","Liceu tehnologic / Școală profesională",9583,"LIPOVA","AR"
"0261104504","LICEUL TEHNOLOGIC ""VASILE JUNCU"" MINIŞ","Liceu tehnologic / Școală profesională",10907,"MINIŞ","AR"
"0261100025","LICEUL TEORETIC ""JOZEF GREGOR TAJOVSKY"" NĂDLAC","Liceu",9636,"NĂDLAC","AR"
"0261101035","LICEUL TEORETIC PÂNCOTA","Liceu",9663,"PÂNCOTA","AR"
"0261101148","LICEUL TEORETIC ""GHEORGHE LAZĂR"" PECICA","Liceu",11593,"PECICA","AR"
"0261100717","LICEUL TEHNOLOGIC ”REGELE MIHAI I” SĂVÂRŞIN","Liceu tehnologic / Școală profesională",11851,"SĂVÂRŞIN","AR"
"0261104567","LICEUL TEHNOLOGIC ""STEFAN HELL"" SÂNTANA","Liceu tehnologic / Școală profesională",12108,"SÂNTANA","AR"
"0261100907","LICEUL TEORETIC SEBIŞ","Liceu",9707,"SEBIŞ","AR"
"0261100604","LICEUL TEHNOLOGIC VINGA","Liceu tehnologic / Școală profesională",12652,"VINGA","AR"
"4061103586","Colegiul Tehnic de Aeronautică ""Henri Coandă""","Colegiu",179141,"BUCUREŞTI SECTORUL 1","B"
"4061102947","Colegiul Tehnic ""Media""","Colegiu",179141,"BUCUREŞTI SECTORUL 1","B"
"4061100859","Colegiul Tehnic ""Mircea cel Bătrân""","Colegiu",179141,"BUCUREŞTI SECTORUL 1","B"
"4061102567","Colegiul Economic ”A.D.Xenopol”","Colegiu",179150,"BUCUREŞTI SECTORUL 2","B"
"4061101349","Colegiul Economic ”Hermes”","Colegiu",179150,"BUCUREŞTI SECTORUL 2","B"
"4061102721","Colegiul Tehnic ”Dimitrie Leonida”","Colegiu",179150,"BUCUREŞTI SECTORUL 2","B"
"4061100954","Colegiul Tehnic ”Edmond Nicolau”","Liceu tehnologic / Școală profesională",179150,"BUCUREŞTI SECTORUL 2","B"
"4061103125","Liceul Tehnologic ”Constantin Brâncuși”","Liceu",179150,"BUCUREŞTI SECTORUL 2","B"
"4061103378","Liceul Tehnologic ”Nikola Tesla”","Liceu tehnologic / Școală profesională",179150,"BUCUREŞTI SECTORUL 2","B"
"4061103446","Liceul Tehnologic Special ”Regina Elisabeta”","Liceu",179150,"BUCUREŞTI SECTORUL 2","B"
"4061102332","Școala Postliceală Sanitară ”Fundeni”","Școală postliceală",179150,"BUCUREŞTI SECTORUL 2","B"
"4061100375","Colegiul Tehnic ""Anghel Saligny""","Colegiu",179169,"BUCUREŞTI SECTORUL 3","B"
"4061101824","Colegiul Tehnic ""Costin D. Nenițescu""","Colegiu",179169,"BUCUREŞTI SECTORUL 3","B"
"4061102739","Colegiul Tehnic ""Mihai Bravu""","Colegiu",179169,"BUCUREŞTI SECTORUL 3","B"
"4061101896","Liceul Tehnologic ""Dragomir Hurmuzescu""","Liceu tehnologic / Școală profesională",179169,"BUCUREŞTI SECTORUL 3","B"
"4061106069","Liceul Tehnologic Theodor Pallady","Liceu tehnologic / Școală profesională",179169,"BUCUREŞTI SECTORUL 3","B"
"4061100877","Școala Superioară Comercială ""Nicolae Kretzulescu""","Liceu",179169,"BUCUREŞTI SECTORUL 3","B"
"4061100669","Colegiul Romano-Catolic ""Sfântul Iosif""","Colegiu",179178,"BUCUREŞTI SECTORUL 4","B"
"4061102463","Liceul Tehnologic ""Dacia""","Liceu tehnologic / Școală profesională",179178,"BUCUREŞTI SECTORUL 4","B"
"4061101982","Liceul Tehnologic de Metrologie ""Traian Vuia""","Liceu",179178,"BUCUREŞTI SECTORUL 4","B"
"4061100131","Colegiul Tehnic Energetic","Colegiu",179187,"BUCUREŞTI SECTORUL 5","B"
"4061103871","Colegiul Tehnic ""Carol I""","Colegiu",179196,"BUCUREŞTI SECTORUL 6","B"
"4061102264","Colegiul Tehnic de Poştă și Telecomunicaţii ""Gheorghe Airinei""","Liceu tehnologic / Școală profesională",179196,"BUCUREŞTI SECTORUL 6","B"
"4061101634","Colegiul Tehnic ""Gheorghe Asachi""","Liceu tehnologic / Școală profesională",179196,"BUCUREŞTI SECTORUL 6","B"
"4061101141","Colegiul Tehnic ""Iuliu Maniu""","Colegiu",179196,"BUCUREŞTI SECTORUL 6","B"
"0461107608","COLEGIUL ECONOMIC ""ION GHICA"" BACĂU","Colegiu",20304,"BACĂU","BC"
"0461108369","COLEGIUL ""MIHAI EMINESCU"" BACĂU","Colegiu",20304,"BACĂU","BC"
"0461108197","COLEGIUL N.V. KARPEN"" BACĂU","Colegiu",20304,"BACĂU","BC"
"0461107671","COLEGIUL TEHNIC ""GRIGORE COBĂLCESCU"" MOINEŞTI","Liceu tehnologic / Școală profesională",20885,"MOINEŞTI","BC"
"0461108749","ŞCOALA NAŢIONALĂ DE PREGĂTIRE A AGENŢILOR DE PENITENCIARE TG.OCNA","Școală postliceală",20974,"TÂRGU OCNA","BC"
"0561101754","COLEGIUL TEHNIC ""ALEXANDRU ROMAN"" ALEȘD","Colegiu",26706,"ALEŞD","BH"
"0561102027","COLEGIUL TEHNIC ""IOAN CIORDAȘ"" BEIUȘ","Liceu tehnologic / Școală profesională",26813,"BEIUŞ","BH"
"0561100916","LICEUL TEHNOLOGIC AGROINDUSTRIAL ""TAMASI ARON"" BORȘ","Liceu tehnologic / Școală profesională",27640,"BORŞ","BH"
"0561101035","ȘCOALA GIMNAZIALĂ NR.1 BRUSTURI","Școală gimnazială",27766,"BRUSTURI","BH"
"0561101709","LICEUL TEHNOLOGIC NR.1 CADEA","Liceu tehnologic / Școală profesională",30933,"CADEA","BH"
"0561108241","LICEUL TEHNOLOGIC NR.1 DOBREŞTI","Liceu tehnologic / Școală profesională",29163,"DOBREŞTI","BH"
"0561100034","COLEGIUL NAȚIONAL ""OCTAVIAN GOGA"" MARGHITA","Colegiu",26886,"MARGHITA","BH"
"0561100102","LICEUL TEHNOLOGIC ""HOREA"" MARGHITA","Liceu",26886,"MARGHITA","BH"
"0561100251","LICEUL TEORETIC ""HORVATH JANOS"" MARGHITA","Liceu",26886,"MARGHITA","BH"
"0561100079","COLEGIUL ECONOMIC ""PARTENIE COSMA"" ORADEA","Liceu tehnologic / Școală profesională",26573,"ORADEA","BH"
"0561108589","COLEGIUL TEHNIC ""MIHAI VITEAZUL"" ORADEA","Colegiu",26573,"ORADEA","BH"
"0561100043","COLEGIUL TEHNIC ""TRAIAN VUIA"" ORADEA","Colegiu",26573,"ORADEA","BH"
"0561108458","LICEUL TEHNOLOGIC ""CONSTANTIN BRÂNCUȘI"" ORADEA","Liceu",26573,"ORADEA","BH"
"0561100762","LICEUL TEHNOLOGIC SANITAR ""VASILE VOICULESCU"" ORADEA","Liceu",26573,"ORADEA","BH"
"0561101148","LICEUL TEOLOGIC PENTICOSTAL ""BETEL"" ORADEA","Liceu",26573,"ORADEA","BH"
"0561101822","COLEGIUL NAȚIONAL ""TEODOR NEȘ"" SALONTA","Colegiu",26984,"SALONTA","BH"
"0561100803","LICEUL TEHNOLOGIC NR.1 SALONTA","Liceu tehnologic / Școală profesională",26984,"SALONTA","BH"
"0561100215","ȘCOALA GIMNAZIALĂ ""TOLDY"" SÂNNICOLAU DE MUNTE","Școală gimnazială",30979,"SÂNNICOLAU DE MUNTE","BH"
"0561108621","LICEUL TEHNOLOGIC NR.1 SUPLACU DE BARCĂU","Liceu tehnologic / Școală profesională",31271,"SUPLACU DE BARCĂU","BH"
"0561101763","COLEGIUL NAȚIONAL ""AVRAM IANCU"" ȘTEI","Colegiu",26859,"ŞTEI","BH"
"0561100224","LICEUL TEHNOLOGIC ""UNIREA"" ȘTEI","Liceu",26859,"ŞTEI","BH"
"0561100097","LICEUL TEHNOLOGIC NR.1 ŞUNCUIUŞ","Liceu tehnologic / Școală profesională",31529,"ŞUNCUIUŞ","BH"
"0561101695","COLEGIUL TEHNIC NR.1 VADU CRIŞULUI","Colegiu",31985,"VADU CRIŞULUI","BH"
"0561101591","LICEUL TEHNOLOGIC NR.1 VALEA LUI MIHAI","Liceu",32036,"VALEA LUI MIHAI","BH"
"0661100702","LICEUL TEORETIC SANITAR BISTRIȚA","Liceu",32401,"BISTRIŢA","BN"
"0661103664","LICEUL TEHNOLOGIC ""LIVIU REBREANU"" MAIERU","Liceu tehnologic / Școală profesională",33630,"MAIERU","BN"
"0961102482","COLEGIUL ECONOMIC ""ION GHICA""","Colegiu",42691,"BRĂILA","BR"
"0961101617","COLEGIUL NAŢIONAL ""ANA ASLAN""","Colegiu",42691,"BRĂILA","BR"
"0961102577","COLEGIUL TEHNIC ""COSTIN D. NENIŢESCU""","Colegiu",42691,"BRĂILA","BR"
"0961100159","LICEUL TEHNOLOGIC ""ANGHEL SALIGNY""","Liceu tehnologic / Școală profesională",42691,"BRĂILA","BR"
"0961102179","LICEUL TEHNOLOGIC ""EDMOND NICOLAU"" BRĂILA","Liceu tehnologic / Școală profesională",42691,"BRĂILA","BR"
"0961101983","LICEUL TEHNOLOGIC ""GHEORGHE K.CONSTANTINESCU""","Liceu tehnologic / Școală profesională",42691,"BRĂILA","BR"
"0961101662","LICEUL TEHNOLOGIC ""GRIGORE MOISIL""","Liceu tehnologic / Școală profesională",42691,"BRĂILA","BR"
"0961101947","LICEUL TEHNOLOGIC ""PANAIT ISTRATI"" BRĂILA","Liceu tehnologic / Școală profesională",42691,"BRĂILA","BR"
"0761100031","COLEGIUL ECONOMIC ""OCTAV ONICESCU"" BOTOSANI","Colegiu",35740,"BOTOŞANI","BT"
"0761105054","LICEUL ""ALEXANDRU CEL BUN’’ BOTOSANI","Liceu",35740,"BOTOŞANI","BT"
"0861101026","Colegiul de Științe ale Naturii 'Emil Racoviță' Brașov","Colegiu",40205,"BRAŞOV","BV"
"0861101695","Colegiul de Științe 'Grigore Antipa' Brașov","Colegiu",40205,"BRAŞOV","BV"
"0861100979","Colegiul Național Economic 'Andrei Bârseanu' Brașov","Colegiu",40205,"BRAŞOV","BV"
"0861100735","Colegiul Tehnic de Transporturi Brașov","Liceu tehnologic / Școală profesională",40205,"BRAŞOV","BV"
"0861100581","Colegiul Tehnic Energetic 'Remus Răduleț' Brașov","Colegiu",40205,"BRAŞOV","BV"
"0861101953","Colegiul Tehnic 'Maria Baiulescu' Brașov","Colegiu",40205,"BRAŞOV","BV"
"0861101831","Colegiul Tehnic 'Mircea Cristea' Brașov","Colegiu",40205,"BRAŞOV","BV"
"0861100495","Colegiul Tehnic 'Transilvania' Brașov","Liceu tehnologic / Școală profesională",40205,"BRAŞOV","BV"
"0861100866","Liceul Tehnologic Silvic 'Dr. Nicolae Rucăreanu' Brașov","Liceu",40205,"BRAŞOV","BV"
"0861101338","Colegiul Tehnic 'Simion Mehedinți' Codlea","Liceu tehnologic / Școală profesională",40250,"CODLEA","BV"
"0861101103","Colegiul 'Aurel Vijoli' Făgăraș","Colegiu",40287,"FĂGĂRAŞ","BV"
"0861100527","Liceul Tehnologic 'Dr. Ioan Șenchea' Făgăraș","Colegiu",40287,"FĂGĂRAŞ","BV"
"0861101591","Liceul Teoretic 'Mihail Săulescu' Predeal","Liceu",40312,"PREDEAL","BV"
"0861100893","Colegiul pentru Agricultură și Industrie Alimentară 'Țara Bârsei' Prejmer","Colegiu",41676,"PREJMER","BV"
"0861100821","Liceul Tehnologic Râșnov","Liceu tehnologic / Școală profesională",40376,"RÂŞNOV","BV"
"0861101632","Liceul 'Șt.O.Iosif' Rupea","Liceu tehnologic / Școală profesională",40401,"RUPEA","BV"
"0861101148","Liceul Tehnologic 'Victor Jinga' Săcele","Școală postliceală",40447,"SĂCELE","BV"
"0861100545","Colegiul Tehnic 'Dr. Alexandru Bărbat' Victoria","Liceu tehnologic / Școală profesională",40474,"VICTORIA","BV"
"0861101799","Liceul Tehnologic 'Malaxa' Zărnești","Liceu tehnologic / Școală profesională",40508,"ZĂRNEŞTI","BV"
"1061103553","LICEUL AGRICOL ""Dr. C. ANGELESCU"" MUNICIPIUL BUZĂU","Liceu tehnologic / Școală profesională",44827,"BUZĂU","BZ"
"1061104518","LICEUL TEHNIC MUNICIPIUL BUZĂU","Liceu tehnologic / Școală profesională",44827,"BUZĂU","BZ"
"1061104812","LICEUL TEHNOLOGIC DE MESERII ȘI SERVICII MUNICIPIUL BUZĂU","Liceu tehnologic / Școală profesională",44827,"BUZĂU","BZ"
"1061106633","LICEUL TEHNOLOGIC ""DIMITRIE FILIPESCU"" MUNICIPIUL BUZĂU","Liceu tehnologic / Școală profesională",44827,"BUZĂU","BZ"
"1061104536","ŞCOALA POSTLICEALĂ SANITARA DE STAT MUNICIPIUL BUZĂU","Școală postliceală",44827,"BUZĂU","BZ"
"1061104572","LICEUL TEHNOLOGIC, SAT MĂRGĂRIŢI COMUNA BECENI","Liceu tehnologic / Școală profesională",45085,"MĂRGĂRIŢI","BZ"
"1061104165","LICEUL TEHNOLOGIC ORAŞ PĂTÂRLAGELE","Liceu",48334,"PĂTÂRLAGELE","BZ"
"1061104875","LICEUL TEHNOLOGIC ""I. A. RĂDULESCU POGONEANU"" ORAŞ POGOANELE","Liceu tehnologic / Școală profesională",48753,"POGOANELE","BZ"
"1061104364","LICEUL TEHNOLOGIC ""VICTOR FRUNZĂ"" MUNICIPIUL RÎMNICU SĂRAT","Liceu tehnologic / Școală profesională",44854,"RÂMNICU SĂRAT","BZ"
"1261102938","ȘCOALA GIMNAZIALĂ BUZA, COM. BUZA","Școală gimnazială",56336,"BUZA","CJ"
"1261103491","COLEGIUL TEHNIC ""VICTOR UNGUREANU"" CÂMPIA TURZII","Colegiu",55366,"CÂMPIA TURZII","CJ"
"1261102825","COLEGIUL DE SERVICII ÎN TURISM ""NAPOCA"" CLUJ-NAPOCA","Școală postliceală",54984,"CLUJ-NAPOCA","CJ"
"1261103197","COLEGIUL ECONOMIC ""IULIAN POP"" CLUJ-NAPOCA","Liceu tehnologic / Școală profesională",54984,"CLUJ-NAPOCA","CJ"
"1261102635","COLEGIUL TEHNIC ""ANA ASLAN"" CLUJ-NAPOCA","Școală postliceală",54984,"CLUJ-NAPOCA","CJ"
"1261103274","COLEGIUL TEHNIC ""ANGHEL SALIGNY"" CLUJ-NAPOCA","Școală postliceală",54984,"CLUJ-NAPOCA","CJ"
"1261103975","COLEGIUL TEHNIC DE COMUNICAȚII ""AUGUSTIN MAIOR"" CLUJ-NAPOCA","Colegiu",54984,"CLUJ-NAPOCA","CJ"
"1261103256","COLEGIUL TEHNIC DE TRANSPORTURI ""TRANSILVANIA"" CLUJ-NAPOCA","Liceu tehnologic / Școală profesională",54984,"CLUJ-NAPOCA","CJ"
"1261104596","COLEGIUL TEHNIC ENERGETIC CLUJ-NAPOCA","Școală postliceală",54984,"CLUJ-NAPOCA","CJ"
"1261100244","COLEGIUL TEHNIC ""RALUCA RIPAN"" CLUJ-NAPOCA","Școală postliceală",54984,"CLUJ-NAPOCA","CJ"
"1261103595","LICEUL SPECIAL PENTRU DEFICIENȚI DE VEDERE CLUJ-NAPOCA","Liceu",54984,"CLUJ-NAPOCA","CJ"
"1261102291","LICEUL TEHNOLOGIC ""ALEXANDRU BORZA"" CLUJ-NAPOCA","Școală postliceală",54984,"CLUJ-NAPOCA","CJ"
"1261103003","LICEUL TEHNOLOGIC ""AUREL VLAICU"" CLUJ-NAPOCA","Liceu tehnologic / Școală profesională",54984,"CLUJ-NAPOCA","CJ"
"1261105041","LICEUL TEHNOLOGIC NR. 1 CLUJ-NAPOCA","Liceu tehnologic / Școală profesională",54984,"CLUJ-NAPOCA","CJ"
"1261102902","LICEUL TEHNOLOGIC SPECIAL PENTRU DEFICIENȚI DE AUZ CLUJ-NAPOCA","Liceu tehnologic / Școală profesională",54984,"CLUJ-NAPOCA","CJ"
"1261103401","LICEUL TEOLOGIC BAPTIST ""EMANUEL"" CLUJ-NAPOCA","Liceu",54984,"CLUJ-NAPOCA","CJ"
"1261104836","LICEUL TEOLOGIC REFORMAT CLUJ-NAPOCA","Liceu",54984,"CLUJ-NAPOCA","CJ"
"1261104759","LICEUL TEORETIC ""APACZAI CSERE JANOS"" CLUJ-NAPOCA","Liceu",54984,"CLUJ-NAPOCA","CJ"
"1261103609","LICEUL TEORETIC ""MIHAI EMINESCU"" CLUJ-NAPOCA","Liceu",54984,"CLUJ-NAPOCA","CJ"
"1261102816","LICEUL TEORETIC ""VICTOR BABEȘ"" CLUJ-NAPOCA","Liceu",54984,"CLUJ-NAPOCA","CJ"
"1261100045","ȘCOALA PROFESIONALĂ SPECIALĂ ""SAMUS"" CLUJ - NAPOCA","Liceu tehnologic / Școală profesională",54984,"CLUJ-NAPOCA","CJ"
"1261105032","LICEUL TEHNOLOGIC ""CONSTANTIN BRÂNCUȘI"" DEJ","Liceu",55017,"DEJ","CJ"
"1261104818","LICEUL TEHNOLOGIC ""SOMEȘ"" DEJ","Școală postliceală",55017,"DEJ","CJ"
"1261102395","LICEUL TEHNOLOGIC GHERLA","Liceu tehnologic / Școală profesională",55393,"GHERLA","CJ"
"1261104578","LICEUL TEORETIC ""ANA IPĂTESCU"" GHERLA","Liceu",55393,"GHERLA","CJ"
"1261102929","LICEUL TEORETIC ""GELU VOIEVOD"" GILĂU","Liceu",57911,"GILĂU","CJ"
"1261103039","LICEUL TEHNOLOGIC ""VLĂDEASA"" HUEDIN","Școală postliceală",55455,"HUEDIN","CJ"
"1261104913","LICEUL TEORETIC ""OCTAVIAN GOGA"" HUEDIN","Liceu",55455,"HUEDIN","CJ"
"1261102341","COLEGIUL ""EMIL NEGRUȚIU"" TURDA","Colegiu",55268,"TURDA","CJ"
"1261103116","COLEGIUL TEHNIC TURDA","Colegiu",55268,"TURDA","CJ"
"5161103555","LICEUL ""DANUBIUS"" CALARASI","Liceu",92578,"CĂLĂRAŞI","CL"
"5161100986","LICEUL PEDAGOGIC ""STEFAN BANULESCU"" CALARASI","Liceu",92578,"CĂLĂRAŞI","CL"
"5161100674","LICEUL TEHNOLOGIC DE TRANSPORTURI AUTO CALARASI","Liceu",92578,"CĂLĂRAŞI","CL"
"5161100914","LICEUL TEHNOLOGIC ""SANDU ALDEA"" CALARASI","Liceu",92578,"CĂLĂRAŞI","CL"
"5161100819","SCOALA POSTLICEALA SANITARA ""POMPEI SAMARIAN"" CALARASI","Școală postliceală",92578,"CĂLĂRAŞI","CL"
"1161103954","LICEUL „MATHIAS HAMMER“ ANINA","Liceu",50898,"ANINA","CS"
"1161104376","LICEUL ""HERCULES"" BAILE HERCULANE","Liceu",50932,"BĂILE HERCULANE","CS"
"1161103289","LICEUL TEHNOLOGIC ""CONSTANTIN LUCACI"" BOCŞA","Liceu",50978,"BOCŞA","CS"
"1161103633","LICEUL TEHNOLOGIC ""DACIA"" CARANSEBEŞ","Liceu",51029,"CARANSEBEŞ","CS"
"1161104037","LICEUL TEHNOLOGIC ""DECEBAL"" CARANSEBEŞ","Liceu",51029,"CARANSEBEŞ","CS"
"1161100101","LICEUL TEHNOLOGIC ""TRANDAFIR COCÂRLĂ"" CARANSEBEŞ","Liceu",51029,"CARANSEBEŞ","CS"
"1161104254","SEMINARUL TEOLOGIC ORTODOX ""EPISCOP IOAN POPASU"" CARANSEBEŞ","Liceu",51029,"CARANSEBEŞ","CS"
"1161103841","LICEUL TEORETIC BILINGV ROMÂNO-CROAT CARAŞOVA","Liceu",51813,"CARAŞOVA","CS"
"1161104245","LICEUL TEHNOLOGIC „NICOLAE STOICA DE HAŢEG“ MEHADIA","Liceu tehnologic / Școală profesională",53283,"MEHADIA","CS"
"1161103764","LICEUL TEHNOLOGIC ""CLISURA DUNĂRII"" MOLDOVA NOUĂ","Liceu",51065,"MOLDOVA NOUĂ","CS"
"1161103746","LICEUL TEHNOLOGIC „MIHAI NOVAC“ ORAVIŢA","Liceu tehnologic / Școală profesională",51127,"ORAVIŢA","CS"
"1161103728","LICEUL TEORETIC ""GENERAL DRAGALINA"" ORAVIȚA","Liceu",51127,"ORAVIŢA","CS"
"1161103687","LICEUL BĂNĂŢEAN OŢELU ROŞU","Liceu",51216,"OŢELU ROŞU","CS"
"1161103262","COLEGIUL ECONOMIC AL BANATULUI MONTAN REŞIŢA","Colegiu",50807,"REŞIŢA","CS"
"1161103488","COLEGIUL NAŢIONAL „MIRCEA ELIADE“ REŞIŢA","Colegiu",50807,"REŞIŢA","CS"
"1161104272","COLEGIUL NAŢIONAL „TRAIAN LALESCU“ REŞIŢA","Colegiu",50807,"REŞIŢA","CS"
"1161104313","COLEGIUL TEHNIC REŞIŢA","Colegiu",50807,"REŞIŢA","CS"
"1161103877","LICEUL TEHNOLOGIC „SF.DIMITRIE“ TEREGOVA","Liceu",54289,"TEREGOVA","CS"
"1361100446","LICEUL ECONOMIC ’VIRGIL MADGEARU’ CONSTANŢA","Liceu tehnologic / Școală profesională",60428,"CONSTANŢA","CT"
"1361100862","LICEUL ENERGETIC CONSTANȚA","Liceu",60428,"CONSTANŢA","CT"
"1361101705","LICEUL TEHNOLOGIC ’C.A.ROSETTI’ CONSTANŢA","Școală postliceală",60428,"CONSTANŢA","CT"
"1361104952","LICEUL TEHNOLOGIC DE ELECTROTEHNICĂ ŞI TELECOMUNICAŢII CONSTANŢA","Liceu tehnologic / Școală profesională",60428,"CONSTANŢA","CT"
"1361100699","LICEUL TEHNOLOGIC ’PONTICA’ CONSTANŢA","Liceu",60428,"CONSTANŢA","CT"
"1361101922","LICEUL TEHNOLOGIC ’TOMIS’ CONSTANŢA","Liceu tehnologic / Școală profesională",60428,"CONSTANŢA","CT"
"1361105338","LICEUL TEORETIC ’GEORGE EMIL PALADE’ CONSTANŢA","Liceu",60428,"CONSTANŢA","CT"
"1361105763","ȘCOALA MILITARĂ DE MAIȘTRI MILITARI A FORȚELOR NAVALE ”AMIRAL ION MURGESCU” CONSTANȚA","Școală postliceală",60428,"CONSTANŢA","CT"
"1361100125","COLEGIUL ECONOMIC MANGALIA","Liceu tehnologic / Școală profesională",60491,"MANGALIA","CT"
"1361105469","LICEUL TEHNOLOGIC ’ION BĂNESCU’ MANGALIA","Liceu tehnologic / Școală profesională",60491,"MANGALIA","CT"
"1361100912","LICEUL TEHNOLOGIC ’DRAGOMIR HURMUZESCU’ MEDGIDIA","Liceu tehnologic / Școală profesională",60856,"MEDGIDIA","CT"
"1361100636","LICEUL TEHNOLOGIC ’LAZĂR EDELEANU’ NĂVODARI","Liceu tehnologic / Școală profesională",60516,"NĂVODARI","CT"
"1461100761","Liceul Tehnologic ""Baróti Szabó Dávid"" Baraolt","Liceu tehnologic / Școală profesională",63456,"BARAOLT","CV"
"1461100779","Liceul Economic ""Berde Áron"" Sfântu Gheorghe","Liceu tehnologic / Școală profesională",63401,"SFÂNTU GHEORGHE","CV"
"1461100797","Liceul Tehnologic ""Constantin Brâncuși"" Sfântu Gheorghe","Liceu",63401,"SFÂNTU GHEORGHE","CV"
"1461100494","Liceul Tehnologic ""Puskás Tivadar"" Sfântu Gheorghe","Liceu tehnologic / Școală profesională",63401,"SFÂNTU GHEORGHE","CV"
"1461100381","Liceul Pedagogic ""Bod Péter"" Târgu Secuiesc","Liceu",63759,"TÂRGU SECUIESC","CV"
"1461100422","Liceul Tehnologic ""Apor Péter"" Târgu Secuiesc","Liceu",63759,"TÂRGU SECUIESC","CV"
"1461100693","Liceul Tehnologic ""Gábor Áron"" Târgu Secuiesc","Liceu tehnologic / Școală profesională",63759,"TÂRGU SECUIESC","CV"
"1561100289","LICEUL TEHNOLOGIC ”DR.C. ANGELESCU” GĂEȘTI","Liceu tehnologic / Școală profesională",65690,"GĂEŞTI","DB"
"1561101245","LICEUL TEHNOLOGIC NUCET","Liceu tehnologic / Școală profesională",68299,"NUCET","DB"
"1561101584","COLEGIUL ECONOMIC ”ION GHICA” TÂRGOVIȘTE","Colegiu",65351,"TÂRGOVIŞTE","DB"
"1561101168","LICEUL TEHNOLOGIC DE TRANSPORTURI AUTO TÂRGOVIȘTE","Liceu tehnologic / Școală profesională",65351,"TÂRGOVIŞTE","DB"
"1561100018","LICEUL TEHNOLOGIC ”NICOLAE CIORĂNESCU” TÂRGOVIȘTE","Liceu tehnologic / Școală profesională",65351,"TÂRGOVIŞTE","DB"
"1561100832","LICEUL TEHNOLOGIC ”SPIRU HARET” TÂRGOVIȘTE","Liceu tehnologic / Școală profesională",65351,"TÂRGOVIŞTE","DB"
"1561101625","LICEUL TEHNOLOGIC ”GOGA IONESCU” TITU","Liceu tehnologic / Școală profesională",66090,"TITU","DB"
"1661105528","LICEUL TEORETIC AMARASTII DE JOS","Liceu",70646,"AMĂRĂŞTII DE JOS","DJ"
"1661104907","LICEUL TEHNOLOGIC ""STEFAN ANGHEL"" BAILESTI","Liceu tehnologic / Școală profesională",70325,"BĂILEŞTI","DJ"
"1661105813","LICEUL TEORETIC ""ADRIAN PAUNESCU"" BARCA","Liceu",70959,"BÂRCA","DJ"
"1661105763","SCOALA GIMNAZIALA BISTRET","Școală gimnazială",70904,"BISTREŢ","DJ"
"1661106104","LICEUL TEHNOLOGIC ""PETRE BANITA"" CALARASI","Liceu tehnologic / Școală profesională",71616,"CĂLĂRAŞI","DJ"
"1661104762","LICEUL TEHNOLOGIC ""CONSTANTIN IANCULESCU"" CARCEA","Liceu tehnologic / Școală profesională",71901,"CÂRCEA","DJ"
"1661105876","SCOALA GIMNAZIALA ""INV. M. GEORGESCU"" CELARU","Școală gimnazială",71643,"CELARU","DJ"
"1661105216","LICEUL TEORETIC ""GH. VASILICHI"" CETATE","Liceu",71796,"CETATE","DJ"
"1661104554","COLEGIUL ECONOMIC ""GHEORGHE CHITU"" CRAIOVA","Colegiu",69919,"CRAIOVA","DJ"
"1661101976","LICEUL ""CHARLES LAUGIER"" CRAIOVA","Liceu",69919,"CRAIOVA","DJ"
"1661105071","LICEUL DE INDUSTRIE ALIMENTARA CRAIOVA","Liceu",69919,"CRAIOVA","DJ"
"1661104337","LICEUL ENERGETIC CRAIOVA","Liceu",69919,"CRAIOVA","DJ"
"1661104708","LICEUL ""MATEI BASARAB"" CRAIOVA","Liceu",69919,"CRAIOVA","DJ"
"1661105365","LICEUL TEHNOLOGIC AUTO CRAIOVA","Liceu tehnologic / Școală profesională",69919,"CRAIOVA","DJ"
"1661105347","LICEUL TEHNOLOGIC ""CONSTANTIN BRANCUSI"" CRAIOVA","Liceu tehnologic / Școală profesională",69919,"CRAIOVA","DJ"
"1661104771","LICEUL TEHNOLOGIC ""COSTIN D. NENITESCU"" CRAIOVA","Liceu",69919,"CRAIOVA","DJ"
"1661104477","LICEUL TEHNOLOGIC DE TRANSPORTURI AUTO CRAIOVA","Liceu",69919,"CRAIOVA","DJ"
"1661105478","LICEUL TEHNOLOGIC ""GEORGE BIBESCU"" CRAIOVA","Liceu",69919,"CRAIOVA","DJ"
"1661106027","LICEUL TEHNOLOGIC SPECIAL ""BEETHOVEN"" CRAIOVA","Liceu",69919,"CRAIOVA","DJ"
"1661105392","LICEUL TEHNOLOGIC ""STEFAN ODOBLEJA"" CRAIOVA","Liceu",69919,"CRAIOVA","DJ"
"1661104631","LICEUL TEHNOLOGIC TRANSPORTURI CAI FERATE CRAIOVA","Liceu tehnologic / Școală profesională",69919,"CRAIOVA","DJ"
"1661104866","LICEUL ""TRAIAN VUIA"" CRAIOVA","Liceu",69919,"CRAIOVA","DJ"
"1661102005","SCOALA GIMNAZIALA ""CAROL AL II-LEA"" DIOSTI","Școală gimnazială",72061,"DIOŞTI","DJ"
"1661104414","SCOALA GIMNAZIALA ""NICA BARBU LOCUSTEANU"" LEU","Școală gimnazială",72935,"LEU","DJ"
"1661104753","SCOALA GIMNAZIALA NR. 1 MOTATEI","Școală gimnazială",73344,"MOŢĂŢEI","DJ"
"1661101913","LICEUL TEORETIC ""GEORGE ST. MARINCU"" POIANA MARE","Liceu",73745,"POIANA MARE","DJ"
"1861105837","SCOALA GIMNAZIALA NR.1 ALBENI","Școală gimnazială",78481,"ALBENI","GJ"
"1861105828","LICEUL TEHNOLOGIC BAIA DE FIER","Liceu",78720,"BAIA DE FIER","GJ"
"1861106146","LICEUL TEHNOLOGIC BARSESTI","Liceu",77830,"BÂRSEŞTI","GJ"
"1861105484","COLEGIUL ""MIHAI VITEAZUL"" BUMBESTI-JIU","Colegiu",79317,"BUMBEŞTI-JIU","GJ"
"1861100045","LICEUL TEHNOLOGIC BUSTUCHIN","Liceu",79415,"BUSTUCHIN","GJ"
"1861104664","COLEGIUL TEHNIC MOTRU","Colegiu",78150,"MOTRU","GJ"
"1861106164","SCOALA GIMNAZIALA PADES","Școală gimnazială",81166,"PADEŞ","GJ"
"1861105706","LICEUL TEHNOLOGIC ""C-TIN BRANCUSI""- PESTISANI","Liceu",81193,"PEŞTIŞANI","GJ"
"1861105914","COLEGIUL ""GHEORGHE TATARESCU"" ROVINARI","Colegiu",79059,"ROVINARI","GJ"
"1861105638","COLEGIUL AUTO ""TRAIAN VUIA"" TG-JIU","Colegiu",77821,"TÂRGU JIU","GJ"
"1861105751","COLEGIUL ECONOMIC ""VIRGIL MADGEARU"" TG-JIU","Colegiu",77821,"TÂRGU JIU","GJ"
"1861105864","COLEGIUL TEHNIC ""G-RAL GHEORGHE MAGHERU"" TG-JIU","Colegiu",77821,"TÂRGU JIU","GJ"
"1861105968","COLEGIUL TEHNIC ""HENRI COANDA"" TG-JIU","Colegiu",77821,"TÂRGU JIU","GJ"
"1861105353","COLEGIUL TEHNIC ""ION MINCU"" TG-JIU","Colegiu",77821,"TÂRGU JIU","GJ"
"1861106205","COLEGIUL TEHNIC NR 2 TG-JIU","Colegiu",77821,"TÂRGU JIU","GJ"
"1861105362","LICEUL ENERGETIC TG-JIU","Liceu",77821,"TÂRGU JIU","GJ"
"1861106096","LICEUL TEHNOLOGIC TURCENI","Liceu",82626,"TURCENI","GJ"
"1861106024","LICEUL TEHNOLOGIC TICLENI","Liceu",78463,"ŢICLENI","GJ"
"1761100874","SCOALA GIMNAZIALA ""NATALIA NEGRU"", COMUNA BUCIUMENI","Școală gimnazială",75828,"BUCIUMENI","GL"
"1761100033","SCOALA GIMNAZIALA NR.1, COMUNA CAVADINESTI","Școală gimnazială",75873,"CAVADINEŞTI","GL"
"1761101468","LICEUL TEHNOLOGIC NR.1, COMUNA CUDALBI","Liceu",76166,"CUDALBI","GL"
"1761104394","SCOALA GIMNAZIALA ""PROF.EMIL PANAITESCU"", COMUNA CUDALBI","Școală gimnazială",76166,"CUDALBI","GL"
"1761100458","SCOALA GIMNAZIALA NR.1, COMUNA DRAGUSENI","Școală gimnazială",76184,"DRĂGUŞENI","GL"
"1761104702","COLEGIUL DE INDUSTRIE ALIMENTARA ""ELENA DOAMNA"", LOCALITATEA GALATI","Liceu tehnologic / Școală profesională",75105,"GALAŢI","GL"
"1761100969","COLEGIUL ECONOMIC ""VIRGIL MADGEARU"", LOCALITATEA GALATI","Liceu tehnologic / Școală profesională",75105,"GALAŢI","GL"
"1761101043","LICEUL DE TRANSPORTURI AUTO ""TRAIAN VUIA"", MUNICIPIUL GALATI","Liceu",75105,"GALAŢI","GL"
"1761100684","LICEUL DE TURISM SI ALIMENTATIE ""DUMITRU MOTOC"", MUNICIPIUL GALATI","Liceu",75105,"GALAŢI","GL"
"1761101717","LICEUL TEHNOLOGIC ""ANGHEL SALIGNY"", LOCALITATEA GALATI","Liceu tehnologic / Școală profesională",75105,"GALAŢI","GL"
"1761104358","LICEUL TEHNOLOGIC ""AUREL VLAICU"", MUNICIPIUL GALATI","Liceu",75105,"GALAŢI","GL"
"1761100752","LICEUL TEHNOLOGIC ""CAROL I"", MUNICIPIUL GALATI","Liceu",75105,"GALAŢI","GL"
"1761101052","LICEUL TEHNOLOGIC ""GENERAL DE MARINA NICOLAE DUMITRESCU MAICAN"", LOCALITATEA GALATI","Școală postliceală",75105,"GALAŢI","GL"
"1761101581","LICEUL TEHNOLOGIC ""PAUL DIMO"", MUNICIPIUL GALATI","Școală postliceală",75105,"GALAŢI","GL"
"1761100214","LICEUL TEHNOLOGIC ""RADU NEGRU"", LOCALITATEA GALATI","Școală postliceală",75105,"GALAŢI","GL"
"1761100128","LICEUL TEHNOLOGIC ""SIMION MEHEDINTI"", LOCALITATEA GALATI","Școală postliceală",75105,"GALAŢI","GL"
"1761104584","LICEUL TEORETIC ""SFANTA MARIA"", LOCALITATEA GALATI","Liceu",75105,"GALAŢI","GL"
"1761104376","SCOALA GIMNAZIALA NR.1, COMUNA GHIDIGENI","Școală gimnazială",76415,"GHIDIGENI","GL"
"1761100069","SCOALA GIMNAZIALA NR.1, COMUNA GRIVITA","Școală gimnazială",76567,"GRIVIŢA","GL"
"1761100562","SCOALA GIMNAZIALA NR.2, COMUNA LIESTI","Școală gimnazială",76683,"LIEŞTI","GL"
"1761100924","SCOALA GIMNAZIALA NR.1, COMUNA MATCA","Școală gimnazială",76709,"MATCA","GL"
"1761101563","LICEUL TEHNOLOGIC ""EREMIA GRIGORESCU"", ORAS TG.BUJOR","Liceu",75481,"TÂRGU BUJOR","GL"
"1761101495","COLEGIUL NATIONAL DE AGRICULTURA SI ECONOMIE, LOCALITATEA TECUCI","Colegiu",75212,"TECUCI","GL"
"1761104331","LICEUL TEHNOLOGIC ""ELENA CARAGIANI"", LOCALITATEA TECUCI","Liceu tehnologic / Școală profesională",75212,"TECUCI","GL"
"1761100553","SCOALA GIMNAZIALA ""DOAMNA NICA"", COMUNA VALEA MARULUI","Școală gimnazială",77484,"VALEA MĂRULUI","GL"
"5261100781","LICEUL TEHNOLOGIC ”DIMITRIE BOLINTINEANU” BOLINTIN VALE","Liceu tehnologic / Școală profesională",101207,"BOLINTIN-VALE","GR"
"5261101511","LICEUL TEHNOLOGIC ”MIHAI VITEAZUL” CĂLUGĂRENI",NA,101671,"CĂLUGĂRENI","GR"
"5261101375","COLEGIUL TEHNIC ”VICEAMIRAL IOAN BĂLĂNESCU” GIURGIU","Școală postliceală",100530,"GIURGIU","GR"
"5261101072","LICEUL TEHNOLOGIC ”ION BARBU” GIURGIU","Liceu tehnologic / Școală profesională",100530,"GIURGIU","GR"
"5261100962","ȘCOALA POSTLICEALĂ SANITARĂ GIURGIU","Școală postliceală",100530,"GIURGIU","GR"
"5261100799","LICEUL TEHNOLOGIC ”TIU DUMITRESCU” MIHĂILEȘTI","Liceu tehnologic / Școală profesională",104145,"MIHĂILEŞTI","GR"
"2061100864","LICEUL TEHNOLOGIC ""OVID DENSUSIANU"" CĂLAN","Liceu tehnologic / Școală profesională",87433,"CĂLAN","HD"
"2061100855","LICEUL TEHNOLOGIC ""CRIȘAN"" CRIȘCIOR","Liceu",87371,"CRIŞCIOR","HD"
"2061101128","LICEUL DE ARTE ""SIGISMUND TODUȚĂ"" DEVA","Liceu",86696,"DEVA","HD"
"2061100742","LICEUL TEHNOLOGIC ENERGETIC ""DRAGOMIR HURMUZESCU"" DEVA","Liceu",86696,"DEVA","HD"
"2061100059","LICEUL TEHNOLOGIC ""GRIGORE MOISIL"" DEVA","Liceu tehnologic / Școală profesională",86696,"DEVA","HD"
"2061100769","LICEUL TEHNOLOGIC ""TRANSILVANIA"" DEVA","Liceu",86696,"DEVA","HD"
"2061100891","LICEUL TEORETIC ""TEGLAS GABOR"" DEVA","Liceu",86696,"DEVA","HD"
"2061103347","LICEUL TEHNOLOGIC AGRICOL ""ALEXANDRU BORZA"" GEOAGIU","Liceu",89570,"GEOAGIU","HD"
"2061100692","LICEUL TEORETIC ""I. C. BRĂTIANU"" HAȚEG","Liceu",87585,"HAŢEG","HD"
"2061100421","COLEGIUL ECONOMIC ""EMANUIL GOJDU"" HUNEDOARA","Colegiu",86829,"HUNEDOARA","HD"
"2061100448","COLEGIUL NAȚIONAL ""IANCU DE HUNEDOARA"" HUNEDOARA","Colegiu",86829,"HUNEDOARA","HD"
"2061100145","LICEUL TEHNOLOGIC ""CONSTANTIN BURSAN"" HUNEDOARA","Liceu tehnologic / Școală profesională",86829,"HUNEDOARA","HD"
"2061100023","LICEUL TEHNOLOGIC ""MATEI CORVIN"" HUNEDOARA","Colegiu",86829,"HUNEDOARA","HD"
"2061103252","LICEUL TEORETIC ""SILVIU DRAGOMIR"" ILIA","Liceu",89865,"ILIA","HD"
"2061100163","LICEUL TEHNOLOGIC LUPENI","Liceu",87068,"LUPENI","HD"
"2061101042","LICEUL TEHNOLOGIC ""NICOLAUS OLAHUS"" ORĂȘTIE","Liceu",87647,"ORĂŞTIE","HD"
"2061100439","COLEGIUL TEHNIC ""CONSTANTIN BRÂNCUŞI"" PETRILA","Liceu tehnologic / Școală profesională",87086,"PETRILA","HD"
"2061100629","COLEGIUL ECONOMIC ""HERMES"" PETROȘANI","Colegiu",87004,"PETROŞANI","HD"
"2061100674","LICEUL TEHNOLOGIC ""DIMITRIE LEONIDA"" PETROȘANI","Liceu tehnologic / Școală profesională",87004,"PETROŞANI","HD"
"2061101024","LICEUL TEHNOLOGIC DE TRANSPORT FEROVIAR ""ANGHEL SALIGNY"" SIMERIA","Liceu",87674,"SIMERIA","HD"
"2061100986","LICEUL TEHNOLOGIC ""MIHAI VITEAZU"" VULCAN","Liceu",87184,"VULCAN","HD"
"1961103829","LICEUL TEHNOLOGIC ""LIVIU REBREANU"" BĂLAN","Liceu tehnologic / Școală profesională",83473,"BĂLAN","HR"
"1961100057","LICEUL TEHNOLOGIC ""ZIMMETHAUSEN"" BORSEC","Liceu tehnologic / Școală profesională",83507,"BORSEC","HR"
"1961103865","LICEUL TEHNOLOGIC CORBU","Liceu",84157,"CORBU","HR"
"1961104685","LICEUL TEHNOLOGIC CORUND","Liceu tehnologic / Școală profesională",84184,"CORUND","HR"
"1961104735","LICEUL TEHNOLOGIC ""ZEYK DOMOKOS"" CRISTURU SECUIESC","Liceu tehnologic / Școală profesională",83534,"CRISTURU SECUIESC","HR"
"1961103987","LICEUL TEHNOLOGIC ""PETŐFI SÁNDOR"" DĂNEŞTI","Liceu tehnologic / Școală profesională",84246,"DĂNEŞTI","HR"
"1961103811","LICEUL TEHNOLOGIC ""PUSKÁS TIVADAR"" DITRĂU","Liceu tehnologic / Școală profesională",84353,"DITRĂU","HR"
"1961103716","COLEGIUL TEHNIC ""BATTHYÁNY IGNÁC"" GHEORGHENI","Școală postliceală",83570,"GHEORGHENI","HR"
"1961104717","LICEUL TEHNOLOGIC ""FOGARASY MIHÁLY"" GHEORGHENI","Liceu",83570,"GHEORGHENI","HR"
"1961103752","LICEUL TEHNOLOGIC ""SÖVÉR ELEK"" JOSENI","Liceu tehnologic / Școală profesională",84567,"JOSENI","HR"
"1961104156","LICEUL TEHNOLOGIC ""JOANNES KAJONI"" MIERCUREA CIUC","Liceu tehnologic / Școală profesională",83339,"MIERCUREA CIUC","HR"
"1961104346","LICEUL TEHNOLOGIC ""KÓS KÁROLY"" MIERCUREA CIUC","Școală postliceală",83339,"MIERCUREA CIUC","HR"
"1961104296","LICEUL TEHNOLOGIC ""SZÉKELY KÁROLY"" MIERCUREA CIUC","Școală postliceală",83339,"MIERCUREA CIUC","HR"
"1961104875","LICEUL TEHNOLOGIC ""VENCZEL JÓZSEF"" MIERCUREA CIUC","Liceu tehnologic / Școală profesională",83339,"MIERCUREA CIUC","HR"
"1961104061","ȘCOALA PROFESIONALĂ SPECIALĂ ""SZENT ANNA"" MIERCUREA CIUC","Liceu tehnologic / Școală profesională",83339,"MIERCUREA CIUC","HR"
"1961103761","LICEUL TEHNOLOGIC ""BÁNYAI JÁNOS"" ODORHEIU SECUIESC","Liceu tehnologic / Școală profesională",83142,"ODORHEIU SECUIESC","HR"
"1961104622","LICEUL TEHNOLOGIC ""EÖTVÖS JÓZSEF"" ODORHEIU SECUIESC","Liceu tehnologic / Școală profesională",83142,"ODORHEIU SECUIESC","HR"
"1961104916","LICEUL TEHNOLOGIC ""KÓS KÁROLY"" ODORHEIU SECUIESC","Liceu tehnologic / Școală profesională",83142,"ODORHEIU SECUIESC","HR"
"1961100021","LICEUL TEORETIC ""TAMÁSI ÁRON"" ODORHEIU SECUIESC","Liceu",83142,"ODORHEIU SECUIESC","HR"
"1961104111","LICEUL TEHNOLOGIC ""TIVAI NAGY IMRE"" SÂNMARTIN","Liceu tehnologic / Școală profesională",85797,"SÂNMARTIN","HR"
"1961104563","LICEUL ""MIRON CRISTEA"" SUBCETATE","Liceu",85886,"SUBCETATE","HR"
"1961104518","COLEGIUL NAȚIONAL ""MIHAI EMINESCU"" TOPLIŢA","Școală postliceală",83641,"TOPLIŢA","HR"
"1961104052","LICEUL TEHNOLOGIC ""GÁBOR ÁRON"" VLĂHIȚA","Liceu tehnologic / Școală profesională",83758,"VLĂHIŢA","HR"
"2361101345","LICEUL TEHNOLOGIC ""PAMFIL ȘEICARU"" CIOROGÂRLA","Liceu",101966,"CIOROGÂRLA","IF"
"2361102111","LICEUL TEHNOLOGIC ""VINTILĂ BRĂTIANU"" DRAGOMIREȘTI VALE","Liceu",102614,"DRAGOMIREŞTI-VALE","IF"
"2161100953","LICEUL TEHNOLOGIC ""MIHAI EMINESCU"" SLOBOZIA","Liceu tehnologic / Școală profesională",92667,"SLOBOZIA","IL"
"2261104639","COLEGIUL AGRICOL ŞI DE INDUSTRIE ALIMENTARĂ ""VASILE ADAMACHI"", IAŞI","Colegiu",95079,"IAŞI","IS"
"2261105554","COLEGIUL TEHNIC ""GHEORGHE ASACHI"", IAŞI","Colegiu",95079,"IAŞI","IS"
"2261105156","COLEGIUL TEHNIC ""ION HOLBAN"", IAȘI","Colegiu",95079,"IAŞI","IS"
"2261106528","COLEGIUL TEHNIC ""MIHAIL STURDZA"", IAŞI","Colegiu",95079,"IAŞI","IS"
"2261106071","LICEUL TEHNOLOGIC DE ELECTRONICĂ ŞI TELECOMUNICAŢII ""GHEORGHE MÂRZESCU"", IAŞI","Liceu",95079,"IAŞI","IS"
"2261106017","LICEUL TEHNOLOGIC DE MECATRONICĂ ȘI AUTOMATIZĂRI, IAȘI","Liceu tehnologic / Școală profesională",95079,"IAŞI","IS"
"2261106564","LICEUL TEHNOLOGIC DE TRANSPORTURI ȘI DE CONSTRUCȚII, IAŞI","Liceu tehnologic / Școală profesională",95079,"IAŞI","IS"
"2261105373","LICEUL TEHNOLOGIC ""DIMITRIE LEONIDA"", IAŞI","Liceu",95079,"IAŞI","IS"
"2261106365","ŞCOALA POSTLICEALĂ SANITARĂ ""GR. GHICA VODĂ"", IAŞI","Școală postliceală",95079,"IAŞI","IS"
"2261104734","LICEUL TEHNOLOGIC AGRICOL ""MIHAIL KOGALNICEANU"", MIROSLAVA","Liceu",97928,"MIROSLAVA","IS"
"2561102189","COLEGIUL TEHNOLOGIC ""CONSTANTIN BRÂNCOVEANU""","Colegiu",109933,"BAIA DE ARAMĂ","MH"
"2561102352","COLEGIUL NAȚIONAL ECONOMIC ""THEODOR COSTESCU""","Liceu tehnologic / Școală profesională",109782,"DROBETA-TURNU SEVERIN","MH"
"2561101387","LICEUL DE TRANSPORTURI AUTO","Liceu",109782,"DROBETA-TURNU SEVERIN","MH"
"2561101903","LICEUL TEHNOLOGIC „DECEBAL""","Liceu",109782,"DROBETA-TURNU SEVERIN","MH"
"2561102144","LICEUL TEHNOLOGIC „DOMNUL TUDOR""","Liceu",109782,"DROBETA-TURNU SEVERIN","MH"
"2561102108","LICEUL TEHNOLOGIC „LORIN SĂLĂGEAN""","Colegiu",109782,"DROBETA-TURNU SEVERIN","MH"
"2561102058","ȘCOALA POSTLICEALĂ SANITARĂ DROBETA TURNU SEVERIN","Școală postliceală",109782,"DROBETA-TURNU SEVERIN","MH"
"2561102085","LICEUL TEHNOLOGIC HALÂNGA","Liceu tehnologic / Școală profesională",112496,"HALÂNGA","MH"
"2561102171","ȘCOALA GIMNAZIALĂ ISVERNA","Școală gimnazială",112389,"ISVERNA","MH"
"2561102153","LICEUL TEHNOLOGIC „DIERNA""","Școală postliceală",110072,"ORŞOVA","MH"
"2561101844","LICEUL TEHNOLOGIC ""TUDOR VLADIMIRESCU""","Liceu tehnologic / Școală profesională",109835,"ŞIMIAN","MH"
"2461101149","COLEGIUL TEHNIC ""ANGHEL SALIGNY"" BAIA MARE","Colegiu",106327,"BAIA MARE","MM"
"2461100564","COLEGIUL TEHNIC ""GEORGE BARITIU"" BAIA MARE","Colegiu",106327,"BAIA MARE","MM"
"2461100148","SEMINARUL TEOLOGIC LICEAL ""SF. IOSIF MARTURISITORUL"" BAIA MARE","Liceu",106327,"BAIA MARE","MM"
"2461103282","LICEUL TEHNOLOGIC ""MARMATIA"" SIGHETU MARMATIEI","Liceu tehnologic / Școală profesională",106568,"SIGHETU MARMAŢIEI","MM"
"2661104479","ȘCOALA GIMNAZIALĂ BAHNEA","Școală gimnazială",115316,"BAHNEA","MS"
"2661108266","LICEUL TEHNOLOGIC ""VASILE NETEA"" DEDA","Liceu tehnologic / Școală profesională",116554,"DEDA","MS"
"2661104886","LICEUL SILVIC GURGHIU","Liceu",117328,"GURGHIU","MS"
"2661105037","LICEUL TEORETIC ""BOCSKAI ISTVAN"" MIERCUREA NIRAJULUI","Liceu",118290,"MIERCUREA NIRAJULUI","MS"
"2661104384","LICEUL TEHNOLOGIC ""IOAN BOJOR"" REGHIN","Liceu tehnologic / Școală profesională",114818,"REGHIN","MS"
"2661108397","ȘCOALA GIMNAZIALĂ NR.04 APALINA REGHIN","Școală gimnazială",114818,"REGHIN","MS"
"2661105132","LICEUL TEHNOLOGIC NR.1 SIGHIȘOARA","Liceu tehnologic / Școală profesională",114523,"SIGHIŞOARA","MS"
"2661105209","LICEUL TEHNOLOGIC ""DOMOKOS KAZMER"" SOVATA","Liceu tehnologic / Școală profesională",114863,"SOVATA","MS"
"2661105385","COLEGIUL AGRICOL ""TRAIAN SĂVULESCU"" TÎRGU MUREȘ","Colegiu",114328,"TÎRGU MUREŞ","MS"
"2661108171","LICEUL TEHNOLOGIC ""AUREL PERSU"" TÎRGU MUREȘ","Liceu",114328,"TÎRGU MUREŞ","MS"
"2661104529","LICEUL TEHNOLOGIC ""AVRAM IANCU"" TÎRGU MUREȘ","Liceu",114328,"TÎRGU MUREŞ","MS"
"2661105263","LICEUL TEHNOLOGIC ""GHEORGHE ȘINCAI"" TÎRGU MUREȘ","Liceu",114328,"TÎRGU MUREŞ","MS"
"2661105444","LICEUL TEHNOLOGIC ""ION VLASIU"" TÎRGU MUREȘ","Liceu tehnologic / Școală profesională",114328,"TÎRGU MUREŞ","MS"
"2661108429","LICEUL TEORETIC ""GHEORGHE MARINESCU"" TÎRGU MUREȘ","Liceu",114328,"TÎRGU MUREŞ","MS"
"2661105123","LICEUL VOCAȚIONAL REFORMAT TÎRGU MUREȘ","Liceu",114328,"TÎRGU MUREŞ","MS"
"2761102738","LICEUL ""MIHAIL SADOVEANU"", COMUNA BORCA","Liceu",121661,"BORCA","NT"
"2761102186","LICEUL TEHNOLOGIC ""ION IONESCU DE LA BRAD"", COMUNA HORIA","Liceu tehnologic / Școală profesională",120931,"HORIA","NT"
"2761102792","ȘCOALA PROFESIONALĂ, COMUNA PETRICANI","Liceu tehnologic / Școală profesională",123433,"PETRICANI","NT"
"2761101687","COLEGIUL TEHNIC DE TRANSPORTURI, MUNICIPIUL PIATRA-NEAMȚ","Colegiu",120735,"PIATRA-NEAMŢ","NT"
"2761102729","COLEGIUL TEHNIC FORESTIER, MUNICIPIUL PIATRA-NEAMȚ","Colegiu",120735,"PIATRA-NEAMŢ","NT"
"2761102313","COLEGIUL TEHNIC ""GHEORGHE CARTIANU"", MUNICIPIUL PIATRA-NEAMȚ","Colegiu",120735,"PIATRA-NEAMŢ","NT"
"2761102702","LICEUL ECONOMIC ""ALEXANDRU IOAN CUZA"", MUNICIPIUL PIATRA-NEAMȚ","Liceu tehnologic / Școală profesională",120735,"PIATRA-NEAMŢ","NT"
"2761101633","LICEUL TEHNOLOGIC ""DIMITRIE LEONIDA"", MUNICIPIUL PIATRA-NEAMȚ","Liceu tehnologic / Școală profesională",120735,"PIATRA-NEAMŢ","NT"
"2761102711","ȘCOALA POSTLICEALĂ SANITARĂ, MUNICIPIUL PIATRA-NEAMȚ","Școală postliceală",120735,"PIATRA-NEAMŢ","NT"
"2761100184","COLEGIUL TEHNIC ""DANUBIANA"", MUNICIPIUL ROMAN","Colegiu",120879,"ROMAN","NT"
"2761102408","COLEGIUL TEHNIC ""PETRU PONI"", MUNICIPIUL ROMAN","Colegiu",120879,"ROMAN","NT"
"2761102521","LICEUL TEHNOLOGIC ""VASILE SAV"", MUNICIPIUL ROMAN","Liceu tehnologic / Școală profesională",120879,"ROMAN","NT"
"2761102281","COLEGIUL TEHNIC ""ION CREANGĂ"", ORAȘ TÂRGU NEAMȚ","Colegiu",121064,"TÂRGU NEAMŢ","NT"
"2861100074","LICEUL TEHNOLOGIC ""NICOLAE BĂLCESCU"" BALȘ","Liceu",125427,"BALŞ","OT"
"2861101048","LICEUL TEHNOLOGIC NR. 1 BALȘ","Liceu",125427,"BALŞ","OT"
"2861100594","LICEUL TEHNOLOGIC ""CONSTANTIN FILIPESCU"" CARACAL","Liceu",125481,"CARACAL","OT"
"2861100585","LICEUL TEHNOLOGIC ""DIMITRIE PETRESCU"" CARACAL","Liceu tehnologic / Școală profesională",125481,"CARACAL","OT"
"2861100689","LICEUL TEHNOLOGIC ""MATEI BASARAB"" CARACAL","Liceu",125481,"CARACAL","OT"
"2861101057","LICEUL TEHNOLOGIC ""ION POPESCU-CILIENI"" CILIENI","Liceu tehnologic / Școală profesională",126157,"CILIENI","OT"
"2861104657","LICEUL TEHNOLOGIC ""DANUBIUS"" CORABIA","Liceu",125551,"CORABIA","OT"
"2861100187","LICEUL TEHNOLOGIC CRÂMPOIA","Liceu tehnologic / Școală profesională",126415,"CRÂMPOIA","OT"
"2861100011","LICEUL TEHNOLOGIC DRĂGĂNEȘTI-OLT","Liceu tehnologic / Școală profesională",125631,"DRĂGĂNEŞTI-OLT","OT"
"2861100504","LICEUL TEHNOLOGIC IANCU JIANU","Liceu tehnologic / Școală profesională",127297,"IANCU JIANU","OT"
"2861100169","LICEUL TEHNOLOGIC IZVOARELE","Liceu tehnologic / Școală profesională",127395,"IZVOARELE","OT"
"2861100029","LICEUL TEHNOLOGIC PIATRA-OLT","Liceu",128114,"PIATRA-OLT","OT"
"2861101315","LICEUL ""ȘTEFAN DIACONESCU"" POTCOAVA","Liceu",128383,"POTCOAVA","OT"
"2861100142","LICEUL TEHNOLOGIC ""CONSTANTIN BRÎNCOVEANU"" SCORNICEȘTI","Liceu tehnologic / Școală profesională",128720,"SCORNICEŞTI","OT"
"2861101324","LICEUL TEHNOLOGIC ""ALEXE MARIN"" SLATINA","Liceu",125356,"SLATINA","OT"
"2861104598","LICEUL TEHNOLOGIC METALURGIC SLATINA","Liceu tehnologic / Școală profesională",125356,"SLATINA","OT"
"2861100445","LICEUL TEHNOLOGIC ""P.S.AURELIAN"" SLATINA","Școală profesională / Învățământ dual",125356,"SLATINA","OT"
"2861100083","ȘCOALA GIMNAZIALĂ NR.1 SLATINA","Școală gimnazială",125356,"SLATINA","OT"
"2861104743","ȘCOALA POSTLICEALĂ SANITARĂ SLATINA","Școală postliceală",125356,"SLATINA","OT"
"2861100807","LICEUL TEHNOLOGIC TUFENI","Liceu",129594,"TUFENI","OT"
"2861104639","LICEUL TEHNOLOGIC VĂLENI","Școală profesională / Învățământ dual",129772,"VĂLENI","OT"
"2861100106","LICEUL TEHNOLOGIC VITOMIREȘTI","Liceu tehnologic / Școală profesională",129923,"VITOMIREŞTI","OT"
"2961102233","LICEUL TEHNOLOGIC ""CONSTANTIN CANTACUZINO"", ORAȘUL BĂICOI","Liceu tehnologic / Școală profesională",130990,"BĂICOI","PH"
"2961102147","ȘCOALA PROFESIONALĂ , COMUNA BĂLȚEȘTI","Școală profesională / Învățământ dual",132280,"BĂLŢEŞTI","PH"
"2961101883","LICEUL TEHNOLOGIC AGRICOL, COMUNA BĂRCĂNEȘTI","Liceu tehnologic / Școală profesională",130561,"BĂRCĂNEŞTI","PH"
"2961101693","LICEUL TEHNOLOGIC ""TEODOR DIAMANT"", ORAȘUL BOLDEȘTI-SCĂENI","Liceu tehnologic / Școală profesională",131078,"BOLDEŞTI-SCĂENI","PH"
"2961101657","LICEUL TEORETIC ""AUREL VLAICU"", ORAȘUL BREAZA","Liceu",131121,"BREAZA DE SUS","PH"
"2961102405","COLEGIUL ""ION KALINDERU"", ORAȘUL BUȘTENI","Colegiu",131229,"BUŞTENI","PH"
"2961100267","COLEGIUL TEHNIC FORESTIER, MUNICIPIUL CÂMPINA","Liceu tehnologic / Școală profesională",131265,"CÂMPINA","PH"
"2961107401","LICEUL TEHNOLOGIC ""CONSTANTIN ISTRATI"", MUNICIPIUL CÂMPINA","Liceu",131265,"CÂMPINA","PH"
"2961107107","LICEUL TEHNOLOGIC ENERGETIC, MUNICIPIUL CÂMPINA","Liceu tehnologic / Școală profesională",131265,"CÂMPINA","PH"
"2961102952","LICEUL TEHNOLOGIC MECANIC, MUNICIPIUL CÂMPINA","Liceu",131265,"CÂMPINA","PH"
"2961107306","ȘCOALA PROFESIONALĂ, COMUNA CERAȘU","Liceu tehnologic / Școală profesională",132583,"CERAŞU","PH"
"2961103089","LICEUL TEHNOLOGIC, SAT CIORANII DE JOS, COMUNA CIORANI","Liceu tehnologic / Școală profesională",132690,"CIORANII DE JOS","PH"
"2961102744","LICEUL ""SIMION STOLNICU"", ORAȘUL COMARNIC","Liceu",131345,"COMARNIC","PH"
"2961102925","COLEGIUL ""FERDINAND I"", COMUNA MĂNECIU","Colegiu",134103,"MĂNECIU-UNGURENI","PH"
"2961103008","LICEUL TEHNOLOGIC ""TASE DUMITRESCU"", ORAȘUL MIZIL","Liceu tehnologic / Școală profesională",131416,"MIZIL","PH"
"2961100258","CENTRUL ȘCOLAR DE EDUCAȚIE INCLUZIVĂ NR.1, MUNICIPIUL PLOIEȘTI","Centru de Educație Incluzivă",130543,"PLOIEŞTI","PH"
"2961102979","COLEGIUL ECONOMIC ""VIRGIL MADGEARU"", MUNICIPIUL PLOIEȘTI","Colegiu",130543,"PLOIEŞTI","PH"
"2961102839","COLEGIUL ""SPIRU HARET"", MUNICIPIUL PLOIEȘTI","Colegiu",130543,"PLOIEŞTI","PH"
"2961102771","LICEUL TEHNOLOGIC ADMINISTRATIV ȘI DE SERVICII ""VICTOR SLĂVESCU"", MUNICIPIUL PLOIEȘTI","Liceu tehnologic / Școală profesională",130543,"PLOIEŞTI","PH"
"2961102848","LICEUL TEHNOLOGIC ""ANGHEL SALIGNY"", MUNICIPIUL PLOIEȘTI","Liceu",130543,"PLOIEŞTI","PH"
"2961107161","LICEUL TEHNOLOGIC DE SERVICII ""SFÂNTUL APOSTOL ANDREI"", MUNICIPIUL PLOIEȘTI","Liceu",130543,"PLOIEŞTI","PH"
"2961102278","LICEUL TEHNOLOGIC DE TRANSPORTURI, MUNICIPIUL PLOIEȘTI","Școală profesională / Învățământ dual",130543,"PLOIEŞTI","PH"
"2961102821","LICEUL TEHNOLOGIC ENERGETIC ""ELIE RADU"", MUNICIPIUL PLOIEȘTI","Liceu",130543,"PLOIEŞTI","PH"
"2961101847","LICEUL TEHNOLOGIC ""LAZĂR EDELEANU"", MUNICIPIUL PLOIEȘTI","Liceu",130543,"PLOIEŞTI","PH"
"2961102129","LICEUL TEHNOLOGIC ""TOMA SOCOLESCU"", MUNICIPIUL PLOIEȘTI","Liceu",130543,"PLOIEŞTI","PH"
"2961107437","LICEUL TEHNOLOGIC ""1 MAI"", MUNICIPIUL PLOIEȘTI","Liceu tehnologic / Școală profesională",130543,"PLOIEŞTI","PH"
"2961107283","ȘCOALA GIMNAZIALĂ ""TOMA CARAGIU"", MUNICIPIUL PLOIEȘTI","Școală gimnazială",130543,"PLOIEŞTI","PH"
"2961102798","LICEUL ""CAROL I "", ORAȘUL PLOPENI","Liceu",131452,"PLOPENI","PH"
"2961102441","ȘCOALA PROFESIONALĂ, COMUNA SÂNGERU","Liceu tehnologic / Școală profesională",135253,"SÂNGERU","PH"
"2961102658","COLEGIUL ""MIHAIL CANTACUZINO"", ORAȘUL SINAIA","Colegiu",131559,"SINAIA","PH"
"2961102604","LICEUL TEORETIC ""ȘERBAN VODĂ"", ORAȘUL SLĂNIC","Liceu",131586,"SLĂNIC","PH"
"2961102988","LICEUL TEHNOLOGIC ""CAROL I"", COMUNA VALEA DOFTANEI","Liceu tehnologic / Școală profesională",136116,"TEŞILA","PH"
"2961102753","LICEUL TEHNOLOGIC ""GHEORGHE IONESCU-SISEȘTI"", COMUNA VALEA CĂLUGĂREASCĂ","Liceu",135958,"VALEA CĂLUGĂREASCĂ","PH"
"2961103035","LICEUL TEHNOLOGIC AGROMONTAN ""ROMEO CONSTANTINESCU"", ORAȘUL VĂLENII DE MUNTE","Liceu tehnologic / Școală profesională",131826,"VĂLENII DE MUNTE","PH"
"3261101724","COLEGIUL TEHNIC ""AUGUST TREBONIU LAURIAN"" AGNITA","Colegiu",143691,"AGNITA","SB"
"3261102024","LICEUL TEHNOLOGIC MÂRŞA","Liceu tehnologic / Școală profesională",144063,"AVRIG","SB"
"3261100171","LICEUL TEHNOLOGIC ""NICOLAE TECLU"" COPȘA MICĂ","Liceu tehnologic / Școală profesională",143780,"COPŞA MICĂ","SB"
"3261100094","CENTRUL ȘCOLAR DE EDUCAȚIE INCLUZIVĂ DUMBRĂVENI","Centru special de educație incluzivă",143815,"DUMBRĂVENI","SB"
"3261101145","LICEUL ""TIMOTEI CIPARIU"" DUMBRĂVENI","Liceu tehnologic / Școală profesională",143815,"DUMBRĂVENI","SB"
"3261101882","COLEGIUL ""ŞCOALA NAŢIONALĂ DE GAZ"" MEDIAŞ","Colegiu",143628,"MEDIAŞ","SB"
"3261101692","COLEGIUL TEHNIC ""MEDIENSIS"" MEDIAŞ","Colegiu",143628,"MEDIAŞ","SB"
"3261101543","LICEUL TEHNOLOGIC ''AUTOMECANICA'' MEDIAȘ","Liceu",143628,"MEDIAŞ","SB"
"3261101294","LICEUL TEHNOLOGIC ""ILIE MĂCELARIU"" MIERCUREA SIBIULUI","Liceu tehnologic / Școală profesională",144937,"MIERCUREA SIBIULUI","SB"
"3261102286","LICEUL TEHNOLOGIC CONSTRUCȚII ȘI ARHITECTURĂ ""CAROL I"" SIBIU","Liceu",143469,"SIBIU","SB"
"3261100067","LICEUL TEHNOLOGIC DE INDUSTRIE ALIMENTARĂ ""TEREZIANUM"" SIBIU","Liceu",143469,"SIBIU","SB"
"3261101204","LICEUL TEHNOLOGIC ""HENRI COANDĂ"" SIBIU","Liceu",143469,"SIBIU","SB"
"3261101597","LICEUL TEHNOLOGIC ""INDEPENDENŢA"" SIBIU","Liceu",143469,"SIBIU","SB"
"3261100189","LICEUL TEORETIC ""CONSTANTIN NOICA"" SIBIU","Liceu",143469,"SIBIU","SB"
"3261101769","LICEUL TEHNOLOGIC ""JOHANNES LEBEL"" TĂLMACIU","Liceu tehnologic / Școală profesională",145836,"TĂLMACIU","SB"
"3161104317","COLEGIUL TEHNIC ""IULIU MANIU"" ȘIMLEU SILVANIEI","Colegiu",139893,"ŞIMLEU SILVANIEI","SJ"
"3161100123","LICEUL TEHNOLOGIC ""IOAN OSSIAN"" ȘIMLEU SILVANIEI","Liceu tehnologic / Școală profesională",139893,"ŞIMLEU SILVANIEI","SJ"
"3161100489","LICEUL TEHNOLOGIC ""MIHAI VITEAZUL"" ZALĂU","Liceu tehnologic / Școală profesională",139713,"ZALĂU","SJ"
"3161100878","LICEUL TEHNOLOGIC ""VOIEVODUL GELU"" ZALĂU","Liceu tehnologic / Școală profesională",139713,"ZALĂU","SJ"
"3161101047","ȘCOALA POSTLICEALĂ SANITARĂ ZALĂU","Școală postliceală",139713,"ZALĂU","SJ"
"3061101953","LICEUL TEHNOLOGIC ""IULIU MANIU"" CAREI","Liceu",136535,"CAREI","SM"
"3061101347","LICEUL TEHNOLOGIC ""SIMION BĂRNUȚIU"" CAREI","Liceu",136535,"CAREI","SM"
"3061101469","LICEUL TEHNOLOGIC ""GEORGE BARIȚIU"" LIVADA","Liceu",138048,"LIVADA","SM"
"3061102425","COLEGIUL ECONOMIC ""GHEORGHE DRAGOȘ"" SATU MARE","Colegiu",136492,"SATU MARE","SM"
"3061102633","COLEGIUL NATIONAL ""KOLCSEY FERENC"" SATU MARE","Colegiu",136492,"SATU MARE","SM"
"3061101822","LICEUL REFORMAT SATU MARE","Liceu",136492,"SATU MARE","SM"
"3061101243","LICEUL TEHNOLOGIC ""CONSTANTIN BRÂNCUȘI"" SATU MARE","Liceu",136492,"SATU MARE","SM"
"3061102687","LICEUL TEHNOLOGIC DE INDUSTRIE ALIMENTARĂ ""GEORGE EMIL PALADE"" SATU MARE","Liceu",136492,"SATU MARE","SM"
"3061101216","LICEUL TEHNOLOGIC ""ELISA ZAMFIRESCU"" SATU MARE","Liceu",136492,"SATU MARE","SM"
"3061102651","LICEUL TEHNOLOGIC ""ION I. C. BRĂTIANU"" SATU MARE","Liceu",136492,"SATU MARE","SM"
"3061101225","LICEUL TEHNOLOGIC ""UNIO-TRAIAN VUIA"" SATU MARE","Liceu",136492,"SATU MARE","SM"
"3061102511","ȘCOALA POSTLICEALĂ SANITARĂ SATU MARE","Școală postliceală",136492,"SATU MARE","SM"
"3361108101","LICEUL TEHNOLOGIC ”ȘTEFAN CEL MARE” CAJVANA","Liceu",147642,"CAJVANA","SV"
"3361102805","COLEGIUL SILVIC ""BUCOVINA"" CÂMPULUNG MOLDOVENESC","Colegiu",146511,"CÂMPULUNG MOLDOVENESC","SV"
"3361102624","LICEUL TEHNOLOGIC NR. 1 CÂMPULUNG MOLDOVENESC","Liceu",146511,"CÂMPULUNG MOLDOVENESC","SV"
"3361107882","COLEGIUL ""VASILE LOVINESCU"" FĂLTICENI","Colegiu",146548,"FĂLTICENI","SV"
"3361103946","COLEGIUL ""ALEXANDRU CEL BUN"" GURA HUMORULUI","Colegiu",146593,"GURA HUMORULUI","SV"
"3361108128","COLEGIUL TEHNIC ""LAȚCU VODĂ"" SIRET","Colegiu",146664,"SIRET","SV"
"3361103186","LICEUL TEHNOLOGIC ""TOMȘA VODĂ"" SOLCA","Liceu",146717,"SOLCA","SV"
"3361104056","COLEGIUL ECONOMIC ""DIMITRIE CANTEMIR"" SUCEAVA","Colegiu",146272,"SUCEAVA","SV"
"3361102859","COLEGIUL TEHNIC ""ALEXANDRU IOAN CUZA"" SUCEAVA","Colegiu",146272,"SUCEAVA","SV"
"3361102728","COLEGIUL TEHNIC ""PETRU MUȘAT"" SUCEAVA","Colegiu",146272,"SUCEAVA","SV"
"3361104169","COLEGIUL TEHNIC ""SAMUIL ISOPESCU"" SUCEAVA","Colegiu",146272,"SUCEAVA","SV"
"3361102963","ȘCOALA POSTLICEALĂ SANITARĂ SUCEAVA","Școală postliceală",146272,"SUCEAVA","SV"
"3361100138","LICEUL TEHNOLOGIC ""VASILE DEAC"" VATRA DORNEI","Liceu",146753,"VATRA DORNEI","SV"
"3661100423","LICEUL TEHNOLOGIC ""ANGHEL SALIGNY"" TULCEA","Liceu",159623,"TULCEA","TL"
"3661101537","LICEUL TEHNOLOGIC ""BRAD SEGAL"" TULCEA","Liceu",159623,"TULCEA","TL"
"3661100726","LICEUL TEHNOLOGIC ""HENRI COANDĂ"" TULCEA","Liceu",159623,"TULCEA","TL"
"3561101077","LICEUL TEHNOLOGIC JIMBOLIA","Liceu",155500,"JIMBOLIA","TM"
"3561100809","LICEUL TEHNOLOGIC ""AUREL VLAICU"" LUGOJ","Liceu",155369,"LUGOJ","TM"
"3561101294","LICEUL TEORETIC ""IULIA HAȘDEU"" LUGOJ","Liceu",155369,"LUGOJ","TM"
"3561101181","COLEGIUL NAȚIONAL ""ANA ASLAN"" TIMIȘOARA","Colegiu",155252,"TIMIŞOARA","TM"
"3561100958","LICEUL TEHNOLOGIC ""AZUR"" TIMIȘOARA","Liceu",155252,"TIMIŞOARA","TM"
"3561102146","LICEUL TEHNOLOGIC ENERGETIC ""REGELE FERDINAND I "" TIMIȘOARA","Liceu",155252,"TIMIŞOARA","TM"
"3561100022","LICEUL TEHNOLOGIC TRANSPORTURI AUTO TIMIȘOARA","Liceu",155252,"TIMIŞOARA","TM"
"3561101466","LICEUL TEOLOGIC PENTICOSTAL LOGOS TIMIȘOARA","Liceu",155252,"TIMIŞOARA","TM"
"3561100153","LICEUL TEORETIC ""BARTÓK BÉLA"" TIMIȘOARA","Liceu",155252,"TIMIŞOARA","TM"
"3591106934","UNIV DE ȘTIINȚE AGRICOLE ȘI MEDICINĂ VETERINARĂ A BANATULUI ""REGELE MIHAI I AL ROMÂNIEI"" TIMIȘOARA","Comisie universități",155252,"TIMIŞOARA","TM"
"3461103596","ȘCOALA POSTLICEALĂ SANITARĂ ALEXANDRIA","Școală postliceală",151807,"ALEXANDRIA","TR"
"3461101029","LICEUL TEHNOLOGIC ""GENERAL DAVID PRAPORGESCU"" TURNU MĂGURELE","Liceu",151692,"TURNU MĂGURELE","TR"
"3861100085","LICEUL TEHNOLOGIC BRATIANU, MUN. DRAGASANI","Liceu",167990,"DRĂGĂŞANI","VL"
"3861100578","COLEGIUL ENERGETIC, MUN. RM. VALCEA","Colegiu",167482,"RÂMNICU VÂLCEA","VL"
"3861101276","LICEUL SANITAR ""ANTIM IVIREANU"", MUN. RM. VALCEA","Liceu",167482,"RÂMNICU VÂLCEA","VL"
"3861100682","LICEUL TEHNOLOGIC CAPITAN NICOLAE PLESOIANU, MUN. RM. VALCEA","Liceu",167482,"RÂMNICU VÂLCEA","VL"
"3861100601","LICEUL TEHNOLOGIC FERDINAND I, MUN. RM. VALCEA","Liceu tehnologic / Școală profesională",167482,"RÂMNICU VÂLCEA","VL"
"3861100976","LICEUL TEHNOLOGIC FORESTIER, MUN. RM. VALCEA","Liceu",167482,"RÂMNICU VÂLCEA","VL"
"3861100994","LICEUL TEHNOLOGIC GENERAL MAGHERU, MUN. RM. VALCEA","Liceu",167482,"RÂMNICU VÂLCEA","VL"
"3961100147","COLEGIUL TEHNIC ""GHEORGHE BALS"" ADJUD","Școală profesională / Învățământ dual",174879,"ADJUD","VN"
"3961100676","LICEUL TEORETIC ""GRIGORE GHEBA"" DUMITRESTI","Liceu",175992,"DUMITREŞTI","VN"
"3961100812","CENTRUL SCOLAR PENTRU EDUCATIE INCLUZIVA ""ELENA DOAMNA"" FOCSANI","Centru de Educație Incluzivă",174753,"FOCŞANI","VN"
"3961100839","COLEGIUL ECONOMIC ""MIHAIL KOGALNICEANU"" FOCSANI","Liceu tehnologic / Școală profesională",174753,"FOCŞANI","VN"
"3961101062","COLEGIUL TEHNIC AUTO ""TRAIAN VUIA"" FOCSANI","Școală postliceală",174753,"FOCŞANI","VN"
"3961100382","COLEGIUL TEHNIC ""EDMOND NICOLAU"" FOCSANI","Liceu tehnologic / Școală profesională",174753,"FOCŞANI","VN"
"3961105265","COLEGIUL TEHNIC ""GHEORGHE ASACHI"" FOCSANI","Colegiu",174753,"FOCŞANI","VN"
"3961100459","COLEGIUL TEHNIC ""ION MINCU"" FOCSANI","Liceu tehnologic / Școală profesională",174753,"FOCŞANI","VN"
"3961100875","COLEGIUL TEHNIC ""VALERIU D. COTEA"" FOCSANI","Școală postliceală",174753,"FOCŞANI","VN"
"3961100468","LICEUL TEHNOLOGIC ""G.G. LONGINESCU"" FOCSANI","Liceu tehnologic / Școală profesională",174753,"FOCŞANI","VN"
"3961100536","SCOALA POSTLICEALA SANITARA ""HIPPOCRATE"" FOCSANI","Școală postliceală",174753,"FOCŞANI","VN"
"3961100717","LICEUL TEHNOLOGIC ""EREMIA GRIGORESCU"" MARASESTI","Liceu tehnologic / Școală profesională",174931,"MĂRĂŞEŞTI","VN"
"3961100156","LICEUL DE AGRICULTURA SI INDUSTRIE ALIMENTARA ODOBESTI",NA,175028,"ODOBEŞTI","VN"
"3961105351","LICEUL TEHNOLOGIC ""ALEXANDRU IOAN CUZA"" PANCIU","Școală postliceală",175064,"PANCIU","VN"
"3961101053","LICEUL ""SIMION MEHEDINTI"" VIDRA","Școală postliceală",178386,"VIDRA","VN"
"3761104154","LICEUL TEHNOLOGIC ""ALEXANDRU IOAN CUZA"", MUN. BÂRLAD","Liceu",161801,"BÂRLAD","VS"
"3761105259","LICEUL TEORETIC ""MIHAI EMINESCU"", MUN. BÂRLAD","Liceu",161801,"BÂRLAD","VS"
"3761105223","LICEUL ""ȘTEFAN CEL MARE"", SAT CODĂEȘTI","Liceu",163011,"CODĂEŞTI","VS"
"3761100123","COLEGIUL AGRICOL ""DIMITRIE CANTEMIR"", MUN. HUŞI","Liceu tehnologic / Școală profesională",161838,"HUŞI","VS"
"3761107537","LICEUL TEHNOLOGIC ""IOAN CORIVAN"", MUN. HUŞI","Liceu tehnologic / Școală profesională",161838,"HUŞI","VS"
"3761104213","SEMINARUL TEOLOGIC ORTODOX ""SF. IOAN GURĂ DE AUR"", MUN. HUȘI","Liceu",161838,"HUŞI","VS"
"3761104507","LICEUL TEHNOLOGIC ""GHENUȚĂ COMAN"", ORAȘ MURGENI","Liceu tehnologic / Școală profesională",164990,"MURGENI","VS"
"3761107501","LICEUL TEHNOLOGIC, SAT PUIEȘTI","Liceu tehnologic / Școală profesională",165489,"PUIEŞTI","VS"
"3761100132","COLEGIUL ECONOMIC ""ANGHEL RUGINĂ"", MUN. VASLUI","Colegiu",161954,"VASLUI","VS"
"3761104466","LICEUL CU PROGRAM SPORTIV, MUN. VASLUI","Liceu",161954,"VASLUI","VS"
"3761104371","LICEUL ""ȘTEFAN PROCOPIU"", MUN. VASLUI","Liceu",161954,"VASLUI","VS"
"3761100141","LICEUL TEHNOLOGIC ""ION MINCU"", MUN. VASLUI","Liceu tehnologic / Școală profesională",161954,"VASLUI","VS"
